thumbnail,duration,title,date
https://pbs.twimg.com/ext_tw_video_thumb/1203168454058168320/pu/img/pNt-NsRCQTjYNw3q.jpg,0:11,Joanne on phone,"Dec 6, 2019"
https://pbs.twimg.com/ext_tw_video_thumb/1202352487098912774/pu/img/_u5ZGui2oPGD2gSS.jpg,0:03,story of my life,"Dec 4, 2019"
https://pbs.twimg.com/ext_tw_video_thumb/1201851357692604416/pu/img/pE9GV5eV0DcIRE0N.jpg,0:09,clown,"Dec 3, 2019"
https://pbs.twimg.com/ext_tw_video_thumb/1199836533441863680/pu/img/8bawoEBnZEuL7zQx.jpg,0:04,Untitled,"Nov 27, 2019"
https://pbs.twimg.com/ext_tw_video_thumb/1197175002120032256/pu/img/o4_KxioARPK0Byvd.jpg,0:09,Untitled,"Nov 20, 2019"
https://pbs.twimg.com/ext_tw_video_thumb/1195936689111388160/pu/img/b88SL3PbOEjEciE0.jpg,0:12,Untitled,"Nov 16, 2019"
https://pbs.twimg.com/ext_tw_video_thumb/1194953917467152385/pu/img/tl-HPnuOWqe5kUrS.jpg,0:04,I don’t wanna do this anymore,"Nov 14, 2019"
https://pbs.twimg.com/ext_tw_video_thumb/1194849961323769856/pu/img/EDTttGIlPRmBmKE2.jpg,0:03,lolz,"Nov 13, 2019"
https://pbs.twimg.com/ext_tw_video_thumb/1194319648654790657/pu/img/UqHfWuk_aReA0lHX.jpg,0:05,workaholics fuck you ,"Nov 12, 2019"
https://pbs.twimg.com/ext_tw_video_thumb/1193882434116505603/pu/img/2l-7p7TnNnakQhcG.jpg,0:05,clown come back to bite,"Nov 11, 2019"
https://pbs.twimg.com/ext_tw_video_thumb/1193451347892461569/pu/img/UWL8Y1QwiajiVSUZ.jpg,0:04,whew Jesus,"Nov 10, 2019"
https://pbs.twimg.com/ext_tw_video_thumb/1193450047058464773/pu/img/_Cq3YQPlSaXEGzwU.jpg,0:05,can you imagine,"Nov 10, 2019"
https://pbs.twimg.com/ext_tw_video_thumb/1192935685277261825/pu/img/09eTgRMM9n1b5RMt.jpg,0:26,dark knight,"Nov 8, 2019"
https://pbs.twimg.com/ext_tw_video_thumb/1192763656750190592/pu/img/JuU8ChQOTkG3rEby.jpg,0:07,wait a damn minute,"Nov 8, 2019"
https://pbs.twimg.com/ext_tw_video_thumb/1192723103182393349/pu/img/rgzjmM6s2M-EOrLq.jpg,2:03,Untitled,"Nov 8, 2019"
https://pbs.twimg.com/amplify_video_thumb/1192706316873191425/img/sV138Wc8EmgHM6BL.jpg,2:03,wapt trimmed.mp4,"Nov 8, 2019"
https://pbs.twimg.com/ext_tw_video_thumb/1192600485523607552/pu/img/A5nmbaJUVsScDv65.jpg,0:10,Untitled,"Nov 7, 2019"
https://pbs.twimg.com/ext_tw_video_thumb/1192313118103355392/pu/img/rnIcyroN8NQBp7jf.jpg,0:05,Untitled,"Nov 6, 2019"
https://pbs.twimg.com/ext_tw_video_thumb/1192277786725142528/pu/img/404f3bBTR-1QllMZ.jpg,0:03,Untitled,"Nov 6, 2019"
https://pbs.twimg.com/ext_tw_video_thumb/1192230141721825280/pu/img/uJBjCro49Jg0Cgni.jpg,0:03,Untitled,"Nov 6, 2019"
https://pbs.twimg.com/ext_tw_video_thumb/1192222513364946949/pu/img/gNjZ5PPG6KDFNeH1.jpg,0:03,ah shit msleg,"Nov 6, 2019"
https://pbs.twimg.com/ext_tw_video_thumb/1191559619879079936/pu/img/9Ge7PdIRPc0gceIT.jpg,0:10,Untitled,"Nov 4, 2019"
https://pbs.twimg.com/ext_tw_video_thumb/1190070124440670215/pu/img/UYdh_7P723giNL06.jpg,0:07,Untitled,"Oct 31, 2019"
https://pbs.twimg.com/ext_tw_video_thumb/1190062266026283008/pu/img/YERkx_YLSbza5wvI.jpg,0:09,Untitled,"Oct 31, 2019"
https://pbs.twimg.com/ext_tw_video_thumb/1190028464868462593/pu/img/427lXarRjB4sKr8r.jpg,0:03,Tiffany fraudulent ass,"Oct 31, 2019"
https://pbs.twimg.com/ext_tw_video_thumb/1189679947520057349/pu/img/mnX4pVUUldIRCR2i.jpg,0:02,just as a thought trash ,"Oct 30, 2019"
https://pbs.twimg.com/ext_tw_video_thumb/1189679436796432384/pu/img/VQhzQEVyZz0OB-Zc.jpg,0:02,Untitled,"Oct 30, 2019"
https://pbs.twimg.com/ext_tw_video_thumb/1189651306463551493/pu/img/xwSN4pzyJRAzU2zO.jpg,0:03,Untitled,"Oct 30, 2019"
https://pbs.twimg.com/ext_tw_video_thumb/1189422802916524033/pu/img/a9BfXVrbGELwhlAi.jpg,0:02,Untitled,"Oct 30, 2019"
https://pbs.twimg.com/ext_tw_video_thumb/1189411762996690944/pu/img/fJCQHzBAkDk29i0d.jpg,0:05,Untitled,"Oct 30, 2019"
https://pbs.twimg.com/ext_tw_video_thumb/1189337490504728583/pu/img/FQwP5Ed5zqq-c8Df.jpg,0:06,Untitled,"Oct 29, 2019"
https://pbs.twimg.com/ext_tw_video_thumb/1189314777853628417/pu/img/A9FC570yhjbx0731.jpg,1:07,Untitled,"Oct 29, 2019"
https://pbs.twimg.com/ext_tw_video_thumb/1189313726513582088/pu/img/KOPz6CT2IaM5vT8r.jpg,0:16,Untitled,"Oct 29, 2019"
https://pbs.twimg.com/ext_tw_video_thumb/1189312076080205831/pu/img/mb4yGQ2ZGzHMIwhT.jpg,1:42,Untitled,"Oct 29, 2019"
https://pbs.twimg.com/ext_tw_video_thumb/1189297220484505601/pu/img/l_8Ri7O0Yn8qHpn1.jpg,0:29,chair at mailbox,"Oct 29, 2019"
https://pbs.twimg.com/ext_tw_video_thumb/1189284944226521089/pu/img/Q5ZJw76M2hy_gG5R.jpg,1:44,Untitled,"Oct 29, 2019"
https://pbs.twimg.com/ext_tw_video_thumb/1189283160510648325/pu/img/HgyvjVV7EplWlBq1.jpg,0:24,Untitled,"Oct 29, 2019"
https://pbs.twimg.com/ext_tw_video_thumb/1189281739870556161/pu/img/s5ab0yHI7uNnZpQu.jpg,0:28,Untitled,"Oct 29, 2019"
https://pbs.twimg.com/ext_tw_video_thumb/1189278331008638977/pu/img/GXYmqqiI-NR83xZ4.jpg,0:10,Untitled,"Oct 29, 2019"
https://pbs.twimg.com/ext_tw_video_thumb/1189277726378729473/pu/img/d-xGP4qEyUn4W5W7.jpg,0:48,Untitled,"Oct 29, 2019"
https://pbs.twimg.com/ext_tw_video_thumb/1189274938122932227/pu/img/LhjUyUiAobOaxF78.jpg,1:44,Untitled,"Oct 29, 2019"
https://pbs.twimg.com/ext_tw_video_thumb/1189274222109040647/pu/img/qPa2Zsh2Xi20KaR8.jpg,0:16,Untitled,"Oct 29, 2019"
https://pbs.twimg.com/ext_tw_video_thumb/1189273283415416832/pu/img/7evykEMVywaYIUVA.jpg,2:20,Untitled,"Oct 29, 2019"
https://pbs.twimg.com/ext_tw_video_thumb/1189270149423087618/pu/img/4ti_7T5TuYqiWjkp.jpg,1:54,Untitled,"Oct 29, 2019"
https://pbs.twimg.com/ext_tw_video_thumb/1189268952033218562/pu/img/RVxefABVQTMMUwp7.jpg,1:49,Untitled,"Oct 29, 2019"
https://pbs.twimg.com/ext_tw_video_thumb/1189245577177030656/pu/img/_kDiBW-dN6VkmwW3.jpg,0:07,didn’t want it to go like this,"Oct 29, 2019"
https://pbs.twimg.com/ext_tw_video_thumb/1183411739297308672/pu/img/oeVS7wgWO3Tn8D8r.jpg,0:06,Kamala waving,"Oct 13, 2019"
https://pbs.twimg.com/ext_tw_video_thumb/1183411301877501953/pu/img/1-zPGcc-ycqxvWua.jpg,0:06,Untitled,"Oct 13, 2019"
https://pbs.twimg.com/ext_tw_video_thumb/1180984257386287104/pu/img/sQ2ms2d4ts0tWZyz.jpg,0:03,Untitled,"Oct 6, 2019"
https://pbs.twimg.com/ext_tw_video_thumb/1180744820945559552/pu/img/3SMjeSjhNGj3Iywk.jpg,0:05,again a-fucking-gain,"Oct 6, 2019"
https://pbs.twimg.com/ext_tw_video_thumb/1179979512676802560/pu/img/hAzgXtCXx9VB_gwg.jpg,0:25,Untitled,"Oct 3, 2019"
https://pbs.twimg.com/ext_tw_video_thumb/1179956830375677952/pu/img/klzCmEdxpJ3KQSjX.jpg,0:17,Untitled,"Oct 3, 2019"
https://pbs.twimg.com/ext_tw_video_thumb/1178914673434996736/pu/img/opxGHYf5FINbAmg3.jpg,1:19,Untitled,"Oct 1, 2019"
https://pbs.twimg.com/ext_tw_video_thumb/1178800368408502273/pu/img/VLqvHFI4iEPUSKys.jpg,0:06,fuck em fuck em,"Sep 30, 2019"
https://pbs.twimg.com/ext_tw_video_thumb/1178561179159007232/pu/img/tpkBdMgtpGnN7Gb0.jpg,0:05,MLK somebody told a lie,"Sep 30, 2019"
https://pbs.twimg.com/ext_tw_video_thumb/1178505973775904774/pu/img/TO4On7jgMvtCTiWd.jpg,0:05,Untitled,"Sep 29, 2019"
https://pbs.twimg.com/ext_tw_video_thumb/1178487301560774656/pu/img/F0nqZ3YZyUzUH0WF.jpg,0:03,Untitled,"Sep 29, 2019"
https://pbs.twimg.com/ext_tw_video_thumb/1175456559612203010/pu/img/7xgkkxRrAlP4DSi2.jpg,0:04,Untitled,"Sep 21, 2019"
https://pbs.twimg.com/ext_tw_video_thumb/1172536992833388544/pu/img/UJIzp79FQj_NXefD.jpg,0:03,Untitled,"Sep 13, 2019"
https://pbs.twimg.com/ext_tw_video_thumb/1171929352768053248/pu/img/nrf4EYxSPfYPT7TT.jpg,0:20,Untitled,"Sep 11, 2019"
https://pbs.twimg.com/ext_tw_video_thumb/1171926924010106880/pu/img/emusnI36kEyaTjHy.jpg,0:08,Untitled,"Sep 11, 2019"
https://pbs.twimg.com/ext_tw_video_thumb/1171925953779552256/pu/img/UicAhqwh9Id5CDnN.jpg,0:08,Untitled,"Sep 11, 2019"
https://pbs.twimg.com/ext_tw_video_thumb/1171920538979262467/pu/img/odVqPQB5OLiIaGv3.jpg,0:05,Cardi B ,"Sep 11, 2019"
https://pbs.twimg.com/ext_tw_video_thumb/1171915078557474816/pu/img/-2KRI4AnicK6292s.jpg,0:06,Untitled,"Sep 11, 2019"
https://pbs.twimg.com/ext_tw_video_thumb/1171844682411839489/pu/img/iTdwVP_cM03Sy6Lf.jpg,0:02,Untitled,"Sep 11, 2019"
https://pbs.twimg.com/ext_tw_video_thumb/1171349959402283008/pu/img/LePfuC8ce5hIWYLt.jpg,0:21,beautiful boy,"Sep 10, 2019"
https://pbs.twimg.com/ext_tw_video_thumb/1171107040535764992/pu/img/WnYW33U5f3sKNyoD.jpg,0:07,Untitled,"Sep 9, 2019"
https://pbs.twimg.com/ext_tw_video_thumb/1170847961917644800/pu/img/o1p7x2abxS90gx23.jpg,0:08,snookie typing,"Sep 8, 2019"
https://pbs.twimg.com/ext_tw_video_thumb/1170418670700548096/pu/img/cqVOVqpLV99cCSGQ.jpg,0:04,Untitled,"Sep 7, 2019"
https://pbs.twimg.com/ext_tw_video_thumb/1170411377732837377/pu/img/khKSPOM-rm1Iatwh.jpg,0:03,Untitled,"Sep 7, 2019"
https://pbs.twimg.com/ext_tw_video_thumb/1170410727682846721/pu/img/K2Myv-PIgrL3ygJP.jpg,0:03,Untitled,"Sep 7, 2019"
https://pbs.twimg.com/ext_tw_video_thumb/1169761420789125121/pu/img/8iQxVLjMqRZCQjez.jpg,0:07,Untitled,"Sep 5, 2019"
https://pbs.twimg.com/ext_tw_video_thumb/1169500099526967296/pu/img/XhItqtRpmGQLYxz3.jpg,0:05,Untitled,"Sep 5, 2019"
https://pbs.twimg.com/ext_tw_video_thumb/1169283155397947392/pu/img/4deZN9Nky7ZPZP6Y.jpg,0:05,Untitled,"Sep 4, 2019"
https://pbs.twimg.com/ext_tw_video_thumb/1167869864897204225/pu/img/txaHwtca22VsmukO.jpg,0:07,Untitled,"Aug 31, 2019"
https://pbs.twimg.com/ext_tw_video_thumb/1166549982687748097/pu/img/VdlPG89Ss1cYbl-2.jpg,0:05,Untitled,"Aug 27, 2019"
https://pbs.twimg.com/ext_tw_video_thumb/1166548362180648966/pu/img/OqNZFou9kvIbiSuH.jpg,0:01,Untitled,"Aug 27, 2019"
https://pbs.twimg.com/ext_tw_video_thumb/1166547447646175233/pu/img/swYhayD1q3R7szG1.jpg,0:04,not how this works,"Aug 27, 2019"
https://pbs.twimg.com/ext_tw_video_thumb/1166544887317184512/pu/img/FAruOukynRptJSON.jpg,0:05,Swalwel prosecutors ,"Aug 27, 2019"
https://pbs.twimg.com/ext_tw_video_thumb/1166055292276285446/pu/img/w9Q-_Mcgyktl7EMe.jpg,0:05,Untitled,"Aug 26, 2019"
https://pbs.twimg.com/ext_tw_video_thumb/1165978924016373761/pu/img/kpWuR8kc_ZqJ-Iis.jpg,0:03,I sho did,"Aug 26, 2019"
https://pbs.twimg.com/ext_tw_video_thumb/1165978175026946049/pu/img/mJUc2ZslALJJE44J.jpg,0:04,Untitled,"Aug 26, 2019"
https://pbs.twimg.com/ext_tw_video_thumb/1165408742566969345/pu/img/6m7N9cMpm2ImH3f4.jpg,0:06,Untitled,"Aug 24, 2019"
https://pbs.twimg.com/ext_tw_video_thumb/1165344742600822785/pu/img/ZVDYpdaON-ODc4cN.jpg,0:03,Untitled,"Aug 24, 2019"
https://pbs.twimg.com/ext_tw_video_thumb/1165219016245415936/pu/img/Aze-WsJjUEGHAzP1.jpg,0:04,Untitled,"Aug 24, 2019"
https://pbs.twimg.com/amplify_video_thumb/1165217126732455936/img/ivjGdLzgOjpIY6HR.jpg,0:04,ohhh she's delusional,"Aug 24, 2019"
https://pbs.twimg.com/ext_tw_video_thumb/1163930099567255556/pu/img/VYBIVTuhHAK_Coiz.jpg,0:03,Untitled,"Aug 20, 2019"
https://pbs.twimg.com/ext_tw_video_thumb/1163552512827383808/pu/img/rg9qic2IGsSu1ejR.jpg,1:55,Untitled,"Aug 19, 2019"
https://pbs.twimg.com/ext_tw_video_thumb/1161334142434500608/pu/img/hLx_FBk3DwE2YTmy.jpg,0:09,Untitled,"Aug 13, 2019"
https://pbs.twimg.com/ext_tw_video_thumb/1160887038687764485/pu/img/W6O_L0Ler6aAPdFe.jpg,0:05,Untitled,"Aug 12, 2019"
https://pbs.twimg.com/ext_tw_video_thumb/1160711302395957248/pu/img/BUEpicVfdq7vYRyI.jpg,1:06,Untitled,"Aug 11, 2019"
https://pbs.twimg.com/ext_tw_video_thumb/1160707525332873217/pu/img/GDMEgyqX8Ai9Vj7M.jpg,0:25,Untitled,"Aug 11, 2019"
https://pbs.twimg.com/ext_tw_video_thumb/1160701283357089792/pu/img/RvN2WWKAHQ5jMoG9.jpg,0:44,Untitled,"Aug 11, 2019"
https://pbs.twimg.com/ext_tw_video_thumb/1160215074218360834/pu/img/wbwMWSgIo0VnSplq.jpg,0:05,Untitled,"Aug 10, 2019"
https://pbs.twimg.com/ext_tw_video_thumb/1160054889462083584/pu/img/s4jMUEGRc8A6k3MC.jpg,0:04,Untitled,"Aug 10, 2019"
https://pbs.twimg.com/ext_tw_video_thumb/1160022165489627136/pu/img/EUQxacOS0w3efizf.jpg,0:09,Untitled,"Aug 9, 2019"
https://pbs.twimg.com/ext_tw_video_thumb/1159374286706094080/pu/img/7RYyi7p34y1znIoL.jpg,0:05,Untitled,"Aug 8, 2019"
https://pbs.twimg.com/ext_tw_video_thumb/1158887283778555905/pu/img/aZSTNtcvHOKHoBcA.jpg,0:05,Untitled,"Aug 6, 2019"
https://pbs.twimg.com/ext_tw_video_thumb/1158816990150234113/pu/img/0jfLiFLvye40sqQr.jpg,0:07,Untitled,"Aug 6, 2019"
https://pbs.twimg.com/ext_tw_video_thumb/1158739162889170945/pu/img/YqHnwuIHNgD37DEr.jpg,0:05,Untitled,"Aug 6, 2019"
https://pbs.twimg.com/ext_tw_video_thumb/1158570721498542080/pu/img/X5G42ipYj9X5N-TF.jpg,0:05,Untitled,"Aug 5, 2019"
https://pbs.twimg.com/ext_tw_video_thumb/1158423133839339521/pu/img/dqPnxJe3ZQoeGBdF.jpg,0:05,Untitled,"Aug 5, 2019"
https://pbs.twimg.com/ext_tw_video_thumb/1158346521617866752/pu/img/UnMLMzFOnaqd2hb_.jpg,0:07,Untitled,"Aug 5, 2019"
https://pbs.twimg.com/ext_tw_video_thumb/1157067184700452864/pu/img/D2259Vs_KO1fIk6e.jpg,0:05,Untitled,"Aug 1, 2019"
https://pbs.twimg.com/ext_tw_video_thumb/1156750273399967745/pu/img/Ot5YRZifqEjVCc2R.jpg,0:04,Untitled,"Jul 31, 2019"
https://pbs.twimg.com/ext_tw_video_thumb/1156706577690349569/pu/img/F8A6eCvCDJ204wUs.jpg,0:05,Untitled,"Jul 31, 2019"
https://pbs.twimg.com/ext_tw_video_thumb/1154124106553540608/pu/img/8KRe1reB-sjNudz8.jpg,0:03,Untitled,"Jul 24, 2019"
https://pbs.twimg.com/ext_tw_video_thumb/1154122821955702784/pu/img/0YVHRItez5_OHOak.jpg,0:03,Untitled,"Jul 24, 2019"
https://pbs.twimg.com/ext_tw_video_thumb/1154119981610745856/pu/img/sKohrHjNNEeCbmFe.jpg,0:05,Untitled,"Jul 24, 2019"
https://pbs.twimg.com/ext_tw_video_thumb/1151806946309300230/pu/img/zq54m3BzVipTxMuE.jpg,0:03,Untitled,"Jul 18, 2019"
https://pbs.twimg.com/ext_tw_video_thumb/1151729757563830272/pu/img/imLMdzGOfr4Z6qEO.jpg,0:10,Untitled,"Jul 18, 2019"
https://pbs.twimg.com/ext_tw_video_thumb/1151728692168708098/pu/img/IQ_BibPVCMe4rh86.jpg,0:10,Untitled,"Jul 18, 2019"
https://pbs.twimg.com/ext_tw_video_thumb/1149440439168241665/pu/img/yDJNJXZDADlOwm4c.jpg,0:04,Untitled,"Jul 11, 2019"
https://pbs.twimg.com/ext_tw_video_thumb/1149386828358868992/pu/img/HTglUeN7XjO1f03r.jpg,0:05,Untitled,"Jul 11, 2019"
https://pbs.twimg.com/ext_tw_video_thumb/1149386560200171521/pu/img/icYgUioOLGxqJ4ut.jpg,0:05,Untitled,"Jul 11, 2019"
https://pbs.twimg.com/ext_tw_video_thumb/1148796734283440128/pu/img/XtpFOHIW_YUB3EVi.jpg,0:05,Untitled,"Jul 9, 2019"
https://pbs.twimg.com/ext_tw_video_thumb/1148730804350177280/pu/img/OcTY-09vDqRas8wa.jpg,1:14,Untitled,"Jul 9, 2019"
https://pbs.twimg.com/ext_tw_video_thumb/1148710261685194752/pu/img/nmEW9r0RLr_zxGSv.jpg,0:03,Untitled,"Jul 9, 2019"
https://pbs.twimg.com/ext_tw_video_thumb/1147846557829599232/pu/img/xfU6p4GaH2rdvrnJ.jpg,0:07,Untitled,"Jul 7, 2019"
https://pbs.twimg.com/ext_tw_video_thumb/1147387967541002240/pu/img/5Kq3sNuvLaf-2jpE.jpg,0:03,Untitled,"Jul 6, 2019"
https://pbs.twimg.com/ext_tw_video_thumb/1147324593465700352/pu/img/KcIRoInamfsu2bpz.jpg,0:05,Untitled,"Jul 5, 2019"
https://pbs.twimg.com/ext_tw_video_thumb/1147297649034485761/pu/img/kEcoJYSgQ729vqWm.jpg,0:08,Untitled,"Jul 5, 2019"
https://pbs.twimg.com/ext_tw_video_thumb/1147222575887638529/pu/img/7b4voYXndwSQO1-O.jpg,0:05,Untitled,"Jul 5, 2019"
https://pbs.twimg.com/ext_tw_video_thumb/1146949702337908736/pu/img/cNqbPyNrRjxCnkTB.jpg,0:05,Untitled,"Jul 4, 2019"
https://pbs.twimg.com/ext_tw_video_thumb/1146887580753027072/pu/img/hg9c7ql0ZA5pFnql.jpg,0:05,Untitled,"Jul 4, 2019"
https://pbs.twimg.com/ext_tw_video_thumb/1146875872831582209/pu/img/5_uMju1TBob6k9P5.jpg,1:13,Untitled,"Jul 4, 2019"
https://pbs.twimg.com/ext_tw_video_thumb/1145710537101250560/pu/img/lXwiK6H8bCB60Mtg.jpg,0:08,Untitled,"Jul 1, 2019"
https://pbs.twimg.com/ext_tw_video_thumb/1145333146541547521/pu/img/hMvoIE8uw5cjkl4p.jpg,0:05,Untitled,"Jun 30, 2019"
https://pbs.twimg.com/ext_tw_video_thumb/1145324287294935040/pu/img/8KTL1UBwgUATQuKw.jpg,0:02,Untitled,"Jun 30, 2019"
https://pbs.twimg.com/ext_tw_video_thumb/1145314497177051138/pu/img/zm87AjApAwaR4pNa.jpg,0:03,Untitled,"Jun 30, 2019"
https://pbs.twimg.com/amplify_video_thumb/1145198757144928256/img/1EVl-d0lXEziH1Qo.jpg,1:58,waka waka haiti all hands.mp4,"Jun 30, 2019"
https://pbs.twimg.com/ext_tw_video_thumb/1144441467424923649/pu/img/myzBctaI5MwFpkcl.jpg,0:07,Untitled,"Jun 27, 2019"
https://pbs.twimg.com/ext_tw_video_thumb/1141206130816888837/pu/img/6Fe0TEdlx4mJ02va.jpg,0:10,Untitled,"Jun 18, 2019"
https://pbs.twimg.com/ext_tw_video_thumb/1141134751673278466/pu/img/bvEX2Q6_OrfL9iNZ.jpg,0:04,Untitled,"Jun 18, 2019"
https://pbs.twimg.com/ext_tw_video_thumb/1138805552644001792/pu/img/kfoYWn1UE9sXRylk.jpg,0:07,Untitled,"Jun 12, 2019"
https://pbs.twimg.com/ext_tw_video_thumb/1138660144307478534/pu/img/jTsIRvfo2RbahR1e.jpg,0:02,Untitled,"Jun 11, 2019"
https://pbs.twimg.com/ext_tw_video_thumb/1138385540884180992/pu/img/NnGIFL4ZqRNQJw8P.jpg,0:02,Untitled,"Jun 11, 2019"
https://pbs.twimg.com/ext_tw_video_thumb/1137837800638898176/pu/img/ugqEUT43LurkUjWD.jpg,0:07,Untitled,"Jun 9, 2019"
https://pbs.twimg.com/ext_tw_video_thumb/1137763323825598466/pu/img/AXYeGVHSbgk9E33s.jpg,0:10,Untitled,"Jun 9, 2019"
https://pbs.twimg.com/ext_tw_video_thumb/1137748723856027648/pu/img/i9YAD06pRu43CfZJ.jpg,0:06,Untitled,"Jun 9, 2019"
https://pbs.twimg.com/ext_tw_video_thumb/1136994712970285061/pu/img/j6IQBAoeLpy3dB-9.jpg,0:06,Untitled,"Jun 7, 2019"
https://pbs.twimg.com/ext_tw_video_thumb/1136991815574413313/pu/img/IcmCqoFmGnYX2g1T.jpg,0:05,Untitled,"Jun 7, 2019"
https://pbs.twimg.com/ext_tw_video_thumb/1136088609944199169/pu/img/3SeCLyQm5RQOgigm.jpg,0:06,Untitled,"Jun 4, 2019"
https://pbs.twimg.com/ext_tw_video_thumb/1135752542909079552/pu/img/Z7Pg9SqkHzXOfoWq.jpg,0:03,Untitled,"Jun 3, 2019"
https://pbs.twimg.com/ext_tw_video_thumb/1135186707412918273/pu/img/SCRBdF7fgqZLQ-Aw.jpg,0:18,Untitled,"Jun 2, 2019"
https://pbs.twimg.com/ext_tw_video_thumb/1135043607734497280/pu/img/W898BDRJt5gyeB4z.jpg,0:12,Untitled,"Jun 1, 2019"
https://pbs.twimg.com/ext_tw_video_thumb/1132867366268882944/pu/img/_81BnOzV9ID_GD4O.jpg,0:07,Untitled,"May 26, 2019"
https://pbs.twimg.com/ext_tw_video_thumb/1132369049646768128/pu/img/8yb1SuSbPxlrNofd.jpg,0:12,Untitled,"May 25, 2019"
https://pbs.twimg.com/ext_tw_video_thumb/1132350458272591880/pu/img/DD9SR4BufF-9uaQ8.jpg,0:07,Untitled,"May 25, 2019"
https://pbs.twimg.com/ext_tw_video_thumb/1131909461600350213/pu/img/AbnrSDhSelGxlQq0.jpg,0:04,Untitled,"May 24, 2019"
https://pbs.twimg.com/ext_tw_video_thumb/1131908897130930176/pu/img/moVfk7TnPu_RYbmu.jpg,0:04,Untitled,"May 24, 2019"
https://pbs.twimg.com/ext_tw_video_thumb/1131748003696586752/pu/img/ZZ3HF_RNfAm6P85T.jpg,0:18,Untitled,"May 23, 2019"
https://pbs.twimg.com/ext_tw_video_thumb/1131066192322539520/pu/img/mPL3OIawE1ID9Dwn.jpg,0:05,Untitled,"May 22, 2019"
https://pbs.twimg.com/ext_tw_video_thumb/1131025897535021057/pu/img/dXxoXIDKwWqoxIai.jpg,0:05,Untitled,"May 21, 2019"
https://pbs.twimg.com/ext_tw_video_thumb/1131020439575244805/pu/img/0Ed1Hw2HNnrdEtc6.jpg,0:29,Untitled,"May 21, 2019"
https://pbs.twimg.com/ext_tw_video_thumb/1130482995805196289/pu/img/Fo0e0W09vrzzoYaF.jpg,0:05,Untitled,"May 20, 2019"
https://pbs.twimg.com/ext_tw_video_thumb/1130482000496922624/pu/img/9oeRlJ3HnEQmhMeV.jpg,0:05,Untitled,"May 20, 2019"
https://pbs.twimg.com/ext_tw_video_thumb/1130436528457564162/pu/img/JWMC7IBMC3bzvYqc.jpg,0:19,Untitled,"May 20, 2019"
https://pbs.twimg.com/ext_tw_video_thumb/1130435460646526978/pu/img/fslmdTTZ2MiS_1CH.jpg,0:23,Untitled,"May 20, 2019"
https://pbs.twimg.com/ext_tw_video_thumb/1130432716896460800/pu/img/br4kBAmjNNOM5qed.jpg,0:04,Untitled,"May 20, 2019"
https://pbs.twimg.com/ext_tw_video_thumb/1130429622934544384/pu/img/bp-Sh084EMMS_xUo.jpg,0:34,Untitled,"May 20, 2019"
https://pbs.twimg.com/ext_tw_video_thumb/1130427039608115201/pu/img/KZx6A4fgyC0sXvr7.jpg,0:04,Untitled,"May 20, 2019"
https://pbs.twimg.com/ext_tw_video_thumb/1130372852644044800/pu/img/OQHNzTxLwsWATr2O.jpg,0:01,Untitled,"May 20, 2019"
https://pbs.twimg.com/ext_tw_video_thumb/1130371521791373312/pu/img/BkOjxEi_e-e53xAU.jpg,0:15,Untitled,"May 20, 2019"
https://pbs.twimg.com/ext_tw_video_thumb/1130209921910366208/pu/img/w8s_vkiVfRivAhbZ.jpg,2:20,Untitled,"May 19, 2019"
https://pbs.twimg.com/ext_tw_video_thumb/1129994331979489282/pu/img/3pDEDDY9usPFVcav.jpg,0:04,Untitled,"May 19, 2019"
https://pbs.twimg.com/ext_tw_video_thumb/1129994053356068864/pu/img/L0B611gIy1bAcFn1.jpg,0:04,Untitled,"May 19, 2019"
https://pbs.twimg.com/ext_tw_video_thumb/1129989644404363264/pu/img/-EaGt-Wrtvm5b5zj.jpg,0:04,Untitled,"May 19, 2019"
https://pbs.twimg.com/ext_tw_video_thumb/1129445619578417152/pu/img/lxEgD222V0r0nk3A.jpg,0:06,Untitled,"May 17, 2019"
https://pbs.twimg.com/ext_tw_video_thumb/1129428753195634688/pu/img/PJfFkB17eMdx7Dw3.jpg,0:02,Untitled,"May 17, 2019"
https://pbs.twimg.com/ext_tw_video_thumb/1129204884581081088/pu/img/HQ9LuFoN4LGg2qIw.jpg,0:05,Untitled,"May 16, 2019"
https://pbs.twimg.com/ext_tw_video_thumb/1129113946559012864/pu/img/ihOvm6BJ_5QOtdwi.jpg,0:36,Untitled,"May 16, 2019"
https://pbs.twimg.com/ext_tw_video_thumb/1126447399659081730/pu/img/oVsoM71N3Iw-n34N.jpg,0:04,Untitled,"May 9, 2019"
https://pbs.twimg.com/ext_tw_video_thumb/1123507378186543106/pu/img/-ZDISCjgyhp2kSk6.jpg,0:06,Untitled,"May 1, 2019"
https://pbs.twimg.com/ext_tw_video_thumb/1123507227074138112/pu/img/abzdUNWrA-iLzKV3.jpg,0:06,Untitled,"May 1, 2019"
https://pbs.twimg.com/ext_tw_video_thumb/1122891999403810816/pu/img/aPacB9t-7oohwz_i.jpg,0:06,Untitled,"Apr 29, 2019"
https://pbs.twimg.com/ext_tw_video_thumb/1122706669111316485/pu/img/Krww5wWnFPDrsKFG.jpg,0:06,Untitled,"Apr 28, 2019"
https://pbs.twimg.com/ext_tw_video_thumb/1122373201667997696/pu/img/A3GukTp8eNC3PY2v.jpg,0:04,Frenchie laughing,"Apr 28, 2019"
https://pbs.twimg.com/ext_tw_video_thumb/1122182183534452738/pu/img/5HeduWuZdHoVa2bF.jpg,0:06,Untitled,"Apr 27, 2019"
https://pbs.twimg.com/ext_tw_video_thumb/1121812803868872704/pu/img/Ofma7rTs4cDu8XWW.jpg,0:03,Untitled,"Apr 26, 2019"
https://pbs.twimg.com/ext_tw_video_thumb/1121749602435248129/pu/img/x2lN4Wh_Os2UX1Uu.jpg,0:05,Untitled,"Apr 26, 2019"
https://pbs.twimg.com/ext_tw_video_thumb/1120972898729066496/pu/img/1CZNQnDM_tmmFMN2.jpg,0:05,Untitled,"Apr 24, 2019"
https://pbs.twimg.com/ext_tw_video_thumb/1118689985002127360/pu/img/azwcFYz7jsbDC7VA.jpg,0:13,Untitled,"Apr 17, 2019"
https://pbs.twimg.com/ext_tw_video_thumb/1117452089398050816/pu/img/If3gXyRtKd_42BCj.jpg,0:39,Untitled,"Apr 14, 2019"
https://pbs.twimg.com/ext_tw_video_thumb/1117415670420054016/pu/img/Ub4rIYo7CObQOb2f.jpg,0:02,Untitled,"Apr 14, 2019"
https://pbs.twimg.com/ext_tw_video_thumb/1117242776171814915/pu/img/VPrN3YDGO-rL1M5u.jpg,0:33,Untitled,"Apr 13, 2019"
https://pbs.twimg.com/ext_tw_video_thumb/1117236319460167681/pu/img/4ldJyHtGfSyyBk4r.jpg,0:33,Untitled,"Apr 13, 2019"
https://pbs.twimg.com/ext_tw_video_thumb/1116910936907030528/pu/img/NHsPsEvB0B5dEwM4.jpg,0:05,Untitled,"Apr 12, 2019"
https://pbs.twimg.com/ext_tw_video_thumb/1116873262598959104/pu/img/XRhpTxKvSuNvlz7d.jpg,0:03,Untitled,"Apr 12, 2019"
https://pbs.twimg.com/ext_tw_video_thumb/1116707587062489088/pu/img/DVoTjxi7XePwQ_7_.jpg,0:12,help police help,"Apr 12, 2019"
https://pbs.twimg.com/ext_tw_video_thumb/1116681045288603648/pu/img/nNNbpM2xUR_tRUhY.jpg,0:03,Untitled,"Apr 12, 2019"
https://pbs.twimg.com/ext_tw_video_thumb/1116346105665601538/pu/img/LzIxVh57L_cDT4ak.jpg,1:07,Untitled,"Apr 11, 2019"
https://pbs.twimg.com/amplify_video_thumb/1116294624832782337/img/NE2MkiMLQkwQkgN_.jpg,0:19,swalwell da nonono.mp4,"Apr 11, 2019"
https://pbs.twimg.com/ext_tw_video_thumb/1115622776092733441/pu/img/HKoKiMtBA0agd0qI.jpg,0:03,Untitled,"Apr 9, 2019"
https://pbs.twimg.com/ext_tw_video_thumb/1115587208105332736/pu/img/RC9k0K_dzTgakX4c.jpg,0:05,Untitled,"Apr 9, 2019"
https://pbs.twimg.com/ext_tw_video_thumb/1115046036328865792/pu/img/SeEozNYx4mFctxMQ.jpg,0:04,Untitled,"Apr 7, 2019"
https://pbs.twimg.com/ext_tw_video_thumb/1114989018318548992/pu/img/GfP4oR4CnYEtfN2R.jpg,0:45,Untitled,"Apr 7, 2019"
https://pbs.twimg.com/ext_tw_video_thumb/1114985305218650113/pu/img/qm4CkYIlGGQQaYfq.jpg,0:16,Untitled,"Apr 7, 2019"
https://pbs.twimg.com/ext_tw_video_thumb/1114632927017619457/pu/img/DXTRGh5cJ17o5c2H.jpg,0:31,Untitled,"Apr 6, 2019"
https://pbs.twimg.com/ext_tw_video_thumb/1109203700990529536/pu/img/94YKWS5ZJwvFp8Ch.jpg,1:20,Untitled,"Mar 22, 2019"
https://pbs.twimg.com/ext_tw_video_thumb/1104978266681757696/pu/img/zfGB-Z_sk70Ud03o.jpg,0:12,Untitled,"Mar 11, 2019"
https://pbs.twimg.com/ext_tw_video_thumb/1104960222794313728/pu/img/Vcn0g27v7sa_IYH_.jpg,0:07,Untitled,"Mar 10, 2019"
https://pbs.twimg.com/ext_tw_video_thumb/1102092483444555776/pu/img/wbDtggDq1O-EtWge.jpg,0:10,Untitled,"Mar 3, 2019"
https://pbs.twimg.com/ext_tw_video_thumb/1102092244671188992/pu/img/5FcMkspLb_YrSjp8.jpg,0:01,Untitled,"Mar 3, 2019"
https://pbs.twimg.com/ext_tw_video_thumb/1100782790377984000/pu/img/dcBn58ZNHq0yiiC4.jpg,0:03,Untitled,"Feb 27, 2019"
https://pbs.twimg.com/ext_tw_video_thumb/1100174020643827712/pu/img/rd2Ho88UuCUIKvDd.jpg,0:05,Untitled,"Feb 25, 2019"
https://pbs.twimg.com/ext_tw_video_thumb/1098944013745426433/pu/img/zzARYtVT1jKoXKiv.jpg,0:07,Untitled,"Feb 22, 2019"
https://pbs.twimg.com/ext_tw_video_thumb/1098361040209891329/pu/img/7GgKO6y-ax4Iayqv.jpg,0:04,let’s ,"Feb 20, 2019"
https://pbs.twimg.com/ext_tw_video_thumb/1098360477640466433/pu/img/AHWJV3gOyaZkiIeH.jpg,0:04,Untitled,"Feb 20, 2019"
https://pbs.twimg.com/ext_tw_video_thumb/1098221454943051778/pu/img/BMGMhk5aRbwFUDbY.jpg,0:05,Untitled,"Feb 20, 2019"
https://pbs.twimg.com/ext_tw_video_thumb/1094609885679874048/pu/img/wu-I3C8TkWjLJDEH.jpg,0:02,Untitled,"Feb 10, 2019"
https://pbs.twimg.com/ext_tw_video_thumb/1094393313459720192/pu/img/XH1mc1yMK8SV50Vm.jpg,0:29,Untitled,"Feb 9, 2019"
https://pbs.twimg.com/ext_tw_video_thumb/1094012143614095360/pu/img/3OSTefGo6lVdI48P.jpg,0:02,Untitled,"Feb 8, 2019"
https://pbs.twimg.com/ext_tw_video_thumb/1093620813352202240/pu/img/xWcWrrn3neXKzGuV.jpg,2:14,Untitled,"Feb 7, 2019"
https://pbs.twimg.com/amplify_video_thumb/1093618404743737344/img/HGiq80N2nMF3XGYD.jpg,2:14,THE STEVE MCCLELLAN UPDATE AND NFL ADDRESS-yV9aginbWp0.mp4,"Feb 7, 2019"
https://pbs.twimg.com/amplify_video_thumb/1093618323747553280/img/otsOzVsNFgi2zYHe.jpg,2:04,trimmed rap.mp4,"Feb 7, 2019"
https://pbs.twimg.com/ext_tw_video_thumb/1093616993251426304/pu/img/qDaFt5lOKzNvO-p8.jpg,2:20,Untitled,"Feb 7, 2019"
https://pbs.twimg.com/ext_tw_video_thumb/1093498576783589377/pu/img/Rwd3FdQGO5OtEVCP.jpg,0:09,Untitled,"Feb 7, 2019"
https://pbs.twimg.com/ext_tw_video_thumb/1093254089679335424/pu/img/ijigx7HZmSY_C3Te.jpg,0:11,Untitled,"Feb 6, 2019"
https://pbs.twimg.com/ext_tw_video_thumb/1093008764863541249/pu/img/6UlfWZhqvilisgRv.jpg,0:07,Untitled,"Feb 5, 2019"
https://pbs.twimg.com/ext_tw_video_thumb/1092909688176267264/pu/img/gjn0p4ki1Zdui6zr.jpg,0:16,Untitled,"Feb 5, 2019"
https://pbs.twimg.com/ext_tw_video_thumb/1092887694772973569/pu/img/u17Rkqvh37NNcuDW.jpg,0:37,Untitled,"Feb 5, 2019"
https://pbs.twimg.com/ext_tw_video_thumb/1092168096834564096/pu/img/xA3MEUKd_YU1ppXT.jpg,1:20,Untitled,"Feb 3, 2019"
https://pbs.twimg.com/ext_tw_video_thumb/1092065263543939072/pu/img/aihXFHtE4SFcunUf.jpg,0:43,Untitled,"Feb 3, 2019"
https://pbs.twimg.com/ext_tw_video_thumb/1092043882882166784/pu/img/QgWzPueTIUX2Lmdi.jpg,0:30,Untitled,"Feb 3, 2019"
https://pbs.twimg.com/ext_tw_video_thumb/1092039075098288128/pu/img/HyZ5d6fUSzQbJfVF.jpg,2:18,Untitled,"Feb 3, 2019"
https://pbs.twimg.com/ext_tw_video_thumb/1092037955516911622/pu/img/S1wpP9SvzJ_93Nuo.jpg,0:53,Untitled,"Feb 3, 2019"
https://pbs.twimg.com/ext_tw_video_thumb/1091875562690244608/pu/img/P55m0f2aUCrpqm2Y.jpg,1:04,Untitled,"Feb 2, 2019"
https://pbs.twimg.com/ext_tw_video_thumb/1091871671391342594/pu/img/NqF5Y8ThvI8bTFcy.jpg,1:52,Untitled,"Feb 2, 2019"
https://pbs.twimg.com/ext_tw_video_thumb/1091868246045642753/pu/img/zXfB7I_X0pDR1wIS.jpg,0:35,Untitled,"Feb 2, 2019"
https://pbs.twimg.com/ext_tw_video_thumb/1091868056081428480/pu/img/4isSGtPC7MQw3KDI.jpg,0:21,Untitled,"Feb 2, 2019"
https://pbs.twimg.com/ext_tw_video_thumb/1091867738266464256/pu/img/WacPEU7PnxmthnPS.jpg,0:38,Untitled,"Feb 2, 2019"
https://pbs.twimg.com/ext_tw_video_thumb/1091867385550712832/pu/img/0ht5gLN1uO9Xzcav.jpg,1:00,Untitled,"Feb 2, 2019"
https://pbs.twimg.com/ext_tw_video_thumb/1091864992817635328/pu/img/JcfxSwY5p6UoLmRv.jpg,1:10,Untitled,"Feb 2, 2019"
https://pbs.twimg.com/ext_tw_video_thumb/1091863779720159233/pu/img/SGnOxKxznBKd1-dh.jpg,2:20,Untitled,"Feb 2, 2019"
https://pbs.twimg.com/ext_tw_video_thumb/1091863299862351872/pu/img/V-q6nnqjo-1swjY5.jpg,1:13,Untitled,"Feb 2, 2019"
https://pbs.twimg.com/ext_tw_video_thumb/1088677874662436865/pu/img/hdQmoidXkICNyFmL.jpg,0:10,Untitled,"Jan 25, 2019"
https://pbs.twimg.com/ext_tw_video_thumb/1087797825977503744/pu/img/yq6raTTljsxN590a.jpg,0:20,Untitled,"Jan 22, 2019"
https://pbs.twimg.com/amplify_video_thumb/1087796963142029312/img/L3vrHE6JkuNfO1U8.jpg,0:20,gEieNgEV8Oj8a0Pl.mp4,"Jan 22, 2019"
https://pbs.twimg.com/ext_tw_video_thumb/1068617174644899841/pu/img/k01QShEbAZbSWrg1.jpg,0:18,Untitled,"Nov 30, 2018"
https://pbs.twimg.com/ext_tw_video_thumb/1068331749652873218/pu/img/BcYf58_mP4OpBW8W.jpg,0:11,Untitled,"Nov 29, 2018"
https://pbs.twimg.com/ext_tw_video_thumb/1068035643484254208/pu/img/n1H2hZr4Rd5sipRa.jpg,1:03,jade bday,"Nov 29, 2018"
https://pbs.twimg.com/ext_tw_video_thumb/1067475935295754241/pu/img/sEgvQe-DO0N1Jv94.jpg,0:06,Untitled,"Nov 27, 2018"
https://pbs.twimg.com/ext_tw_video_thumb/1066808893471367169/pu/img/_GuWdcjB4j3KGUDS.jpg,1:36,Untitled,"Nov 25, 2018"
https://pbs.twimg.com/ext_tw_video_thumb/1065086904851410944/pu/img/9XxwwvbWEHaRwBcN.jpg,0:12,Untitled,"Nov 20, 2018"
https://pbs.twimg.com/ext_tw_video_thumb/1065080635793055744/pu/img/saKZ1S4QH2Hk-DMp.jpg,0:22,Untitled,"Nov 20, 2018"
https://pbs.twimg.com/ext_tw_video_thumb/1065071796704157696/pu/img/rXMlyZOFui6OJabq.jpg,0:14,Untitled,"Nov 20, 2018"
https://pbs.twimg.com/ext_tw_video_thumb/1065066314484629504/pu/img/YU-6Q6flE6mQVCQc.jpg,0:10,Untitled,"Nov 20, 2018"
https://pbs.twimg.com/ext_tw_video_thumb/1065062939504324610/pu/img/F1YyXbXHxTCMjSyQ.jpg,0:09,Untitled,"Nov 20, 2018"
https://pbs.twimg.com/ext_tw_video_thumb/1061633909522395138/pu/img/jsHBmwbto5fSX7YJ.jpg,0:07,Untitled,"Nov 11, 2018"
https://pbs.twimg.com/ext_tw_video_thumb/1061631311927017472/pu/img/33SqV5x8iwh8HN08.jpg,0:10,Untitled,"Nov 11, 2018"
https://pbs.twimg.com/ext_tw_video_thumb/1057316916140826624/pu/img/jp3RkugXi1HO5Y58.jpg,0:14,Untitled,"Oct 30, 2018"
https://pbs.twimg.com/ext_tw_video_thumb/1031799565333266434/pu/img/a71C-X_iB6wsrdmD.jpg,0:09,Untitled,"Aug 21, 2018"
https://pbs.twimg.com/ext_tw_video_thumb/1008788898053361665/pu/img/YGcYJ74Gm-LAkouu.jpg,0:05,No probation,"Jun 18, 2018"
https://pbs.twimg.com/amplify_video_thumb/1008430834901180416/img/JbtXlgOo0kORU_RS.jpg,0:05,giphy.mp4,"Jun 17, 2018"
https://pbs.twimg.com/amplify_video_thumb/1008430824314699777/img/KcBAEko7U8Dx_Vaf.jpg,0:08,giphy-2.mp4,"Jun 17, 2018"
https://pbs.twimg.com/amplify_video_thumb/1008430793461383169/img/aoq-KX4jqcJnzTnE.jpg,0:03,giphy-3.mp4,"Jun 17, 2018"
https://pbs.twimg.com/amplify_video_thumb/1008430771604819968/img/1JQbpO3QqKcEcVTO.jpg,0:05,giphy-4.mp4,"Jun 17, 2018"
https://pbs.twimg.com/amplify_video_thumb/1008430769151201280/img/9SsaozM27QZ9zORV.jpg,0:02,giphy-5.mp4,"Jun 17, 2018"
https://pbs.twimg.com/amplify_video_thumb/1008430758308921344/img/j6NZbAklWZEEBOJn.jpg,0:11,source.mp4,"Jun 17, 2018"
https://pbs.twimg.com/amplify_video_thumb/1008430747512782848/img/gtF1YbG_NHl_ZnI6.jpg,0:02,giphy-6.mp4,"Jun 17, 2018"
https://pbs.twimg.com/amplify_video_thumb/1008430747504410624/img/c2e8ZPDpKY5QJ37Y.jpg,0:04,giphy-7.mp4,"Jun 17, 2018"
https://pbs.twimg.com/amplify_video_thumb/1008430728588083200/img/vpWeI-TUuqAdPUdn.jpg,0:10,giphy-8.mp4,"Jun 17, 2018"
https://pbs.twimg.com/amplify_video_thumb/1008430684967350272/img/Ed3bfrCa5cxEsSv8.jpg,0:04,giphy-9.mp4,"Jun 17, 2018"
https://pbs.twimg.com/amplify_video_thumb/1008430681079230464/img/gFdO-HOkzlpg3Jh8.jpg,0:04,giphy-10.mp4,"Jun 17, 2018"
https://pbs.twimg.com/amplify_video_thumb/1008430681066594305/img/syLb40lJ2pFdSSct.jpg,0:03,giphy-11.mp4,"Jun 17, 2018"
https://pbs.twimg.com/amplify_video_thumb/1008430681066573824/img/9fsmUN7z6do7VAlb.jpg,0:04,white christian man.mp4,"Jun 17, 2018"
https://pbs.twimg.com/ext_tw_video_thumb/1002704231856369667/pu/img/ggonq5QCUQqcAo6u.jpg,0:16,Untitled,"Jun 1, 2018"
https://pbs.twimg.com/ext_tw_video_thumb/976694717101453312/pu/img/uhUiKpirCfaZMrHw.jpg,0:15,Untitled,"Mar 22, 2018"
https://pbs.twimg.com/ext_tw_video_thumb/956538443688960001/pu/img/ANyprCay6NyLNF8w.jpg,0:06,Untitled,"Jan 25, 2018"
https://pbs.twimg.com/ext_tw_video_thumb/948335080195334144/pu/img/sZFTyZhe7Yq381Jt.jpg,0:05,Untitled,"Jan 2, 2018"
https://pbs.twimg.com/ext_tw_video_thumb/914206357657608192/pu/img/9XCvc3nZYvsYhTwX.jpg,0:23,Untitled,"Sep 30, 2017"
https://pbs.twimg.com/ext_tw_video_thumb/861586702778892289/pu/img/h52ik7yxt-rpk0Fv.jpg,1:17,Untitled,"May 8, 2017"
https://pbs.twimg.com/ext_tw_video_thumb/858208671385272320/pu/img/8As85ZiSTLElCBRv.jpg,0:26,ACLU Con 2017,"Apr 29, 2017"
https://pbs.twimg.com/ext_tw_video_thumb/854480820991479810/pu/img/o2KXz5UQCI7FcK6u.jpg,0:09,Untitled,"Apr 18, 2017"
https://pbs.twimg.com/ext_tw_video_thumb/835528530498740224/pu/img/VYfDWJz_4ERXvSrq.jpg,0:14,Untitled,"Feb 25, 2017"
https://pbs.twimg.com/ext_tw_video_thumb/834773551672545281/pu/img/DlPbl11fE-XsEP37.jpg,1:16,Untitled,"Feb 23, 2017"
https://pbs.twimg.com/ext_tw_video_thumb/825586705856081920/pu/img/jIVUolruHYcHHjem.jpg,0:04,Untitled,"Jan 29, 2017"
https://pbs.twimg.com/ext_tw_video_thumb/814598188837601280/pu/img/TsXgEORTN_dX9f9C.jpg,0:04,Untitled,"Dec 29, 2016"
https://pbs.twimg.com/ext_tw_video_thumb/811751163968139264/pu/img/2gNn_xLP6oOBa9hM.jpg,0:04,Reimagine Prison,"Dec 21, 2016"
https://pbs.twimg.com/ext_tw_video_thumb/805288902483316736/pu/img/Q0Gp4GNOKxxBzpki.jpg,0:10,Untitled,"Dec 3, 2016"
https://pbs.twimg.com/ext_tw_video_thumb/805285340198027264/pu/img/mtAVTjW43BL5sk4e.jpg,0:10,Untitled,"Dec 3, 2016"
https://pbs.twimg.com/ext_tw_video_thumb/805283356665638912/pu/img/DiFfPo-DQjDKgQsv.jpg,0:10,Untitled,"Dec 3, 2016"
https://pbs.twimg.com/ext_tw_video_thumb/805282400188055552/pu/img/lM6XblifWyYQzpFi.jpg,0:10,Untitled,"Dec 3, 2016"
https://pbs.twimg.com/ext_tw_video_thumb/805281559729143809/pu/img/noOoHECj-Ma_B6Qf.jpg,0:10,Untitled,"Dec 3, 2016"
https://pbs.twimg.com/ext_tw_video_thumb/804211405192728576/pu/img/tmsvMpwain-vPiGA.jpg,0:26,Zakiya hair flip,"Dec 1, 2016"
https://pbs.twimg.com/ext_tw_video_thumb/804209125055836161/pu/img/3QpBHKXD45itcRaz.jpg,0:10,Untitled,"Dec 1, 2016"
https://pbs.twimg.com/ext_tw_video_thumb/800244094022852608/pu/img/fGD7VLeXJSi_AW9c.jpg,0:13,Untitled,"Nov 20, 2016"
https://pbs.twimg.com/ext_tw_video_thumb/769622866954448896/pu/img/VYeIPZbdQXZRFrIs.jpg,0:45,Untitled,"Aug 27, 2016"
https://pbs.twimg.com/ext_tw_video_thumb/769581314899050497/pu/img/SUkCCzjSdKMz_m_y.jpg,0:25,Untitled,"Aug 27, 2016"
https://pbs.twimg.com/ext_tw_video_thumb/769577817902346240/pu/img/FhNlGk8ksZMkgDPQ.jpg,0:30,Untitled,"Aug 27, 2016"
https://pbs.twimg.com/ext_tw_video_thumb/768622230116925441/pu/img/rkb41bYbSYGInZDe.jpg,0:21,Untitled,"Aug 24, 2016"
https://pbs.twimg.com/ext_tw_video_thumb/768613118524227584/pu/img/uInsoBf0wefU7w-7.jpg,0:13,Untitled,"Aug 24, 2016"
https://pbs.twimg.com/ext_tw_video_thumb/768612296268677120/pu/img/aEfT7qWwADvw-G0K.jpg,0:30,Untitled,"Aug 24, 2016"
https://pbs.twimg.com/ext_tw_video_thumb/768611892227080192/pu/img/SmObu7NLAeoOouSn.jpg,0:44,Untitled,"Aug 24, 2016"
https://pbs.twimg.com/ext_tw_video_thumb/768611278743109632/pu/img/t92uuc-vM6vkF-HB.jpg,0:18,Untitled,"Aug 24, 2016"
https://pbs.twimg.com/ext_tw_video_thumb/768610681310552065/pu/img/qtcJwzHOvTJJc-EM.jpg,0:26,Untitled,"Aug 24, 2016"
https://pbs.twimg.com/ext_tw_video_thumb/768610195685670912/pu/img/k07oCg0TafuspSM7.jpg,0:21,Untitled,"Aug 24, 2016"
https://pbs.twimg.com/ext_tw_video_thumb/768609748489035776/pu/img/p846XmqHVfCY7NPG.jpg,0:35,Untitled,"Aug 24, 2016"
https://pbs.twimg.com/ext_tw_video_thumb/768609271160373249/pu/img/WM0JziMl3YMlrjYR.jpg,0:45,Untitled,"Aug 24, 2016"
https://pbs.twimg.com/ext_tw_video_thumb/768608711220793349/pu/img/qNgk1jYKLPGBxuDH.jpg,0:19,Untitled,"Aug 24, 2016"
https://pbs.twimg.com/ext_tw_video_thumb/768608370307784704/pu/img/phx9IW2t0D9xYrjC.jpg,0:26,Untitled,"Aug 24, 2016"
https://pbs.twimg.com/ext_tw_video_thumb/768607454498267136/pu/img/uaa1XzmZyFyeLkf1.jpg,0:13,Untitled,"Aug 24, 2016"
https://pbs.twimg.com/ext_tw_video_thumb/768607058895732741/pu/img/CHft2QCW0183KkOx.jpg,0:20,Untitled,"Aug 24, 2016"
https://pbs.twimg.com/ext_tw_video_thumb/768606590173839360/pu/img/cs6Qnht_uWZ2EXsr.jpg,0:18,Untitled,"Aug 24, 2016"
https://pbs.twimg.com/ext_tw_video_thumb/768606218583695360/pu/img/4iWJIEi9Y3nviDjq.jpg,0:37,Untitled,"Aug 24, 2016"
https://pbs.twimg.com/ext_tw_video_thumb/768605784372568064/pu/img/A6ohyv8xCzTujYx2.jpg,0:45,Untitled,"Aug 24, 2016"
https://pbs.twimg.com/ext_tw_video_thumb/768605353055494144/pu/img/rfJF6z-xeQ9PJi1o.jpg,0:24,Untitled,"Aug 24, 2016"
https://pbs.twimg.com/ext_tw_video_thumb/768604601264271360/pu/img/tRLsShT-nFhIyBHc.jpg,0:17,Untitled,"Aug 24, 2016"
https://pbs.twimg.com/ext_tw_video_thumb/768604129723813888/pu/img/yCFdt2veBqdkBna7.jpg,0:28,Untitled,"Aug 24, 2016"
https://pbs.twimg.com/ext_tw_video_thumb/768603767419830272/pu/img/gimdePrJeO_7tlM8.jpg,0:28,Untitled,"Aug 24, 2016"
https://pbs.twimg.com/ext_tw_video_thumb/768603153524752384/pu/img/V_uDocWMR-x2l82F.jpg,0:14,Untitled,"Aug 24, 2016"
https://pbs.twimg.com/ext_tw_video_thumb/768602687365640192/pu/img/k9HF_oXXokgXPjkX.jpg,0:24,Untitled,"Aug 24, 2016"
https://pbs.twimg.com/ext_tw_video_thumb/768601944332111873/pu/img/aaz7cBBE_sP61QlY.jpg,0:18,Untitled,"Aug 24, 2016"
https://pbs.twimg.com/ext_tw_video_thumb/746738982818570240/pu/img/W0ukQ85GPr1cJh_w.jpg,0:08,Ricky Ball march 3,"Jun 25, 2016"
https://pbs.twimg.com/ext_tw_video_thumb/746737511418978304/pu/img/aJM82qzuqSL736ah.jpg,0:12,Ricky Ball march 2,"Jun 25, 2016"
https://pbs.twimg.com/ext_tw_video_thumb/746736845862604800/pu/img/AWsplhkCnTb3lHVL.jpg,0:09,Ricky Ball march ,"Jun 25, 2016"
https://pbs.twimg.com/ext_tw_video_thumb/569009332902060032/pu/img/vDR2T7nQqFVq8yKF.jpg,0:04,Untitled,"Feb 20, 2015"
